timestamp,user,action,record_type,record_id,field,old,new
2025-08-08 02:54:10,steve,add,hog_data,1,Weight (kg),,98.0
2025-08-08 03:22:48,steve,add,hog_data,2,Weight (kg),,67.0
2025-08-08 03:26:33,steve,add,hog,21,,,added
2025-08-09 02:55:48,steve,edit,expense,7,all,2025-08-07|Other|Nails|1000.0,2025-08-07|Feed|Food|600.0
2025-08-09 02:55:48,steve,add,expense,8,,,2025-08-07|Other|Nails|1000.0
2025-08-09 02:58:00,steve,edit,expense,8,all,2025-08-07|Other|Nails|1000.0,2025-08-07|Feed|Food|600.0
2025-08-09 02:58:00,steve,add,expense,9,,,2025-08-07|Other|Nails|1000.0
2025-08-09 03:00:49,steve,edit,expense,9,all,2025-08-07|Other|Nails|1000.0,2025-08-07|Feed|Food|600.0
2025-08-09 03:00:49,steve,add,expense,10,,,2025-08-07|Other|Nails|1000.0
2025-08-09 03:06:18,steve,edit,expense,10,all,2025-08-07|Other|Nails|1000.0,2025-08-07|Feed|Food|600.0
2025-08-09 03:06:18,steve,add,expense,11,,,2025-08-07|Other|Nails|1000.0
2025-08-09 03:10:19,steve,edit,expense,11,all,2025-08-07|Other|Nails|1000.0,2025-08-07|Feed|Food|600.0
2025-08-09 03:10:19,steve,add,expense,12,,,2025-08-07|Other|Nails|1000.0
2025-08-09 03:20:29,steve,edit,expense,12,all,2025-08-07|Other|Nails|1000.0,2025-08-07|Feed|Food|600.0
2025-08-09 03:20:29,steve,add,expense,13,,,2025-08-07|Other|Nails|1000.0
2025-08-09 03:22:59,steve,edit,expense,13,all,2025-08-07|Other|Nails|1000.0,2025-08-07|Feed|Food|600.0
2025-08-09 03:22:59,steve,add,expense,14,,,2025-08-07|Other|Nails|1000.0
2025-08-09 03:33:06,steve,edit,expense,14,all,2025-08-07|Other|Nails|1000.0,2025-08-07|Feed|Food|600.0
2025-08-09 03:33:06,steve,add,expense,15,,,2025-08-07|Other|Nails|1000.0
2025-08-09 03:45:08,steve,edit,expense,15,all,2025-08-07|Other|Nails|1000.0,2025-08-07|Feed|Food|600.0
2025-08-09 03:45:08,steve,add,expense,16,,,2025-08-07|Other|Nails|1000.0
2025-08-09 04:06:32,steve,edit,expense,16,all,2025-08-07|Other|Nails|1000.0,2025-08-07|Feed|Food|600.0
2025-08-09 04:06:32,steve,add,expense,17,,,2025-08-07|Other|Nails|1000.0
2025-08-09 04:08:34,steve,edit,expense,17,all,2025-08-07|Other|Nails|1000.0,2025-08-07|Feed|Food|600.0
2025-08-09 04:08:34,steve,add,expense,18,,,2025-08-07|Other|Nails|1000.0
2025-08-09 04:17:01,steve,edit,expense,18,all,2025-08-07|Other|Nails|1000.0,2025-08-07|Feed|Food|600.0
2025-08-09 04:17:01,steve,add,expense,19,,,2025-08-07|Other|Nails|1000.0
2026-01-23 17:57:48.208,steve,f54e0dab-2ce8-4fdf-a19b-1bfa68153fcd,b14d5306-ee64-40f7-ac54-51271c154dfe,save,financial_data,bulk,,11,12,localhost,streamlit_app,success,,cce64f086bc20fdf,12
2026-01-23 17:57:55.474,steve,055b9e54-5411-4d40-850f-bbe57b5c01a9,138eabc7-b47b-4f17-a225-b6902a54a802,save,financial_data,bulk,,,,localhost,streamlit_app,success,,0924ca650e93e0de,supabase,12,b14d5306-ee64-40f7-ac54-51271c154dfe
2026-01-23 18:13:21.411,steve,1872aedb-ef4a-4338-aa37-a7cc54024211,227c59eb-7a57-4d3a-bcc2-f1e9e6d94998,save,financial_data,bulk,,11,12,localhost,streamlit_app,success,,cce64f086bc20fdf,12
2026-01-23 18:13:25.760,steve,2af1e441-844c-4a10-8362-f7ab980d28d6,b263961a-bbbf-402b-925e-89445dd03e44,save,financial_data,bulk,,,,localhost,streamlit_app,success,,0924ca650e93e0de,supabase,12,227c59eb-7a57-4d3a-bcc2-f1e9e6d94998
2026-01-23 18:59:52.638,steve,c455b3f6-2d1b-40d5-8502-dbbd26ed529a,ecf80967-1dbc-4f56-bfe6-7037e650d324,save,financial_data,bulk,,11,12,localhost,streamlit_app,success,,cce64f086bc20fdf,12
2026-01-23 18:59:57.657,steve,719ed8aa-993a-4df3-9dd5-d9046d805f1e,dd52c5c2-eb99-41a5-92d8-10e19af70813,save,financial_data,bulk,,,,localhost,streamlit_app,success,,0924ca650e93e0de,supabase,12,ecf80967-1dbc-4f56-bfe6-7037e650d324
2026-01-23 19:02:57.288,steve,143cf7d4-4d00-4eff-80db-3e731aa31d77,d6973279-d4fa-437b-a0e0-99e5da7549ca,save,financial_data,bulk,,12,13,localhost,streamlit_app,success,,dfc4081bb793ab10,13
2026-01-23 19:03:02.021,steve,c10c0104-6125-4272-b2e4-060f593c936f,ee6bad92-383d-4265-aa88-17c9a3ac5a38,save,financial_data,bulk,,,,localhost,streamlit_app,success,,0924ca650e93e0de,supabase,13,d6973279-d4fa-437b-a0e0-99e5da7549ca
2026-01-23 19:09:16.300,steve,dc6d465d-a50c-439e-a4ea-dddc616778f9,50c95be8-7416-4842-8e37-b76d93f8893c,save,financial_data,bulk,,12,13,localhost,streamlit_app,success,,dfc4081bb793ab10,13
2026-01-23 19:09:20.781,steve,085de5c5-072b-47f5-ab8b-a48535fafa3d,03db1c8e-284b-47d6-8966-7a2dde6a73ae,save,financial_data,bulk,,,,localhost,streamlit_app,success,,0924ca650e93e0de,supabase,13,50c95be8-7416-4842-8e37-b76d93f8893c
2026-01-23 19:10:57.745,steve,ab5f2811-5129-40fd-8483-8097bf50f305,42e21d50-3340-4cd7-abcd-fe1771c7247d,save,financial_data,bulk,,12,13,localhost,streamlit_app,success,,dfc4081bb793ab10,13
2026-01-23 19:11:01.922,steve,b5a30061-a30d-4682-97fc-61873716a29f,c1a5e43f-f8ee-4508-a667-d31d834dcc16,save,financial_data,bulk,,,,localhost,streamlit_app,success,,0924ca650e93e0de,supabase,13,42e21d50-3340-4cd7-abcd-fe1771c7247d
2026-01-23 23:36:51.684,steve,11d6555d-87ae-487b-af18-b41b6965f3bf,b40d76c3-2830-43fa-bc4c-5c64103b3d75,save,financial_data,bulk,,13,14,localhost,streamlit_app,success,,f217a68f463369e7,14
2026-01-23 23:36:58.815,steve,d6d80fa5-f64d-46f0-9696-4c39f93f05be,79708b87-bec0-40d1-9473-df3f455e8a13,save,financial_data,bulk,,,,localhost,streamlit_app,success,,0924ca650e93e0de,supabase,14,b40d76c3-2830-43fa-bc4c-5c64103b3d75
2026-01-23 23:39:11.844,steve,08494c26-7170-4b4a-b991-1d06267ffd08,6b3b16c3-e559-4834-9e2e-138d338ab249,delete,sale,sale_11,,,,localhost,streamlit_app,success,,42feb7b556058b38,11,"{'id': '46734b7b-4e7a-482d-9d82-2202b50d8174', 'Date': '2026-01-23', 'Type': 'Sale', 'Category': 'Sale', 'Description': 'Sold hog(s): 006.', 'Hog ID': None, 'Weight (kg)': 67.0, 'Price/kg': 550.0, 'Amount': 36850.0, 'Buyer': None, 'Subcategory': None}"
2026-01-23 23:39:12.188,steve,f6374c5a-264e-4ba6-b099-7d8affa93738,2b75096f-4758-4375-a10e-ea1b486cd2b5,save,financial_data,bulk,,14,13,localhost,streamlit_app,success,,a2bd6ab98d5df789,13
2026-01-23 23:39:17.664,steve,d87cafd3-1c4b-4da1-b423-f540b74169a2,ae963fee-437e-43db-892f-62da076ccffd,save,financial_data,bulk,,,,localhost,streamlit_app,success,,0924ca650e93e0de,supabase,13,2b75096f-4758-4375-a10e-ea1b486cd2b5
2026-01-23 23:41:21.094,steve,0998a011-be0d-47bd-813d-82d011b504cc,894731b1-4ce4-4aa8-ad51-7a010bc15eab,delete,sale,sale_13,,,,localhost,streamlit_app,success,,67e31ab6dfe2bec9,13,"{'id': '46734b7b-4e7a-482d-9d82-2202b50d8174', 'Date': '2026-01-23', 'Type': 'Sale', 'Category': 'Sale', 'Description': 'Sold hog(s): 006.', 'Hog ID': None, 'Weight (kg)': 67.0, 'Price/kg': 550.0, 'Amount': 36850.0, 'Buyer': None, 'Subcategory': None}"
2026-01-23 23:41:21.842,steve,2257edbd-9af4-4e83-9d97-6c5e2beda026,583d6663-25f4-41f8-97a9-fcb0afc4acdd,save,financial_data,bulk,,14,13,localhost,streamlit_app,success,,a2bd6ab98d5df789,13
2026-01-23 23:42:07.286,steve,e7df8b81-28c3-447d-8ffe-6223aebb90e8,cd46a0ff-c674-49c6-8f5c-a7cfd23cd4c9,delete,sale,sale_11,,,,localhost,streamlit_app,success,,42feb7b556058b38,11,"{'id': '46734b7b-4e7a-482d-9d82-2202b50d8174', 'Date': '2026-01-23', 'Type': 'Sale', 'Category': 'Sale', 'Description': 'Sold hog(s): 006.', 'Hog ID': None, 'Weight (kg)': 67.0, 'Price/kg': 550.0, 'Amount': 36850.0, 'Buyer': None, 'Subcategory': None}"
2026-01-23 23:42:07.691,steve,38e765b9-dcfa-41ee-9c03-a597896f0812,94a9d050-2059-4452-9de8-1081fad95a6d,save,financial_data,bulk,,14,13,localhost,streamlit_app,success,,a2bd6ab98d5df789,13
2026-01-23 23:42:17.790,steve,0de7f9b1-b04b-4b8f-a3b4-c2dfeea229e4,1b4700b2-0e6a-4b29-baef-80fa598e7094,delete,sale,sale_11,,,,localhost,streamlit_app,success,,42feb7b556058b38,11,"{'id': '46734b7b-4e7a-482d-9d82-2202b50d8174', 'Date': '2026-01-23', 'Type': 'Sale', 'Category': 'Sale', 'Description': 'Sold hog(s): 006.', 'Hog ID': None, 'Weight (kg)': 67.0, 'Price/kg': 550.0, 'Amount': 36850.0, 'Buyer': None, 'Subcategory': None}"
2026-01-23 23:42:19.397,steve,8ad64073-5028-4f53-b0ac-ac27ebcb1220,7f722642-cd4f-416f-bbca-1f1cc86df60d,save,financial_data,bulk,,14,13,localhost,streamlit_app,success,,a2bd6ab98d5df789,13
2026-01-23 23:42:25.286,steve,c1f702c6-cd5a-497a-8299-38badca8f604,21e18e20-8999-4ec1-8cb3-53034d5467ec,save,financial_data,bulk,,,,localhost,streamlit_app,success,,0924ca650e93e0de,supabase,13,7f722642-cd4f-416f-bbca-1f1cc86df60d
2026-01-24 01:54:09.643,steve,92e99657-be7d-4d8c-848a-d071dc3a1f0d,9c4baedf-a18b-4394-a4f3-48ef470a0889,save,financial_data,bulk,,14,15,localhost,streamlit_app,success,,f3ce03a88b8628eb,15
2026-01-24 01:54:18.049,steve,7789c751-1322-4fba-9cc7-0792f7674c92,7a915e50-5fab-4286-989b-259e2286c74c,save,financial_data,bulk,,,,localhost,streamlit_app,success,,0924ca650e93e0de,supabase,15,9c4baedf-a18b-4394-a4f3-48ef470a0889
2026-01-24 01:56:16.357,steve,ebba13df-a6a3-41c0-8e98-0a2c69238112,7a9504ed-ba76-4d46-93eb-ac22e9bb4d58,delete,sale,sale_11,,,,localhost,streamlit_app,success,,42feb7b556058b38,11,"{'id': '4a1faa8d-089e-41ac-a788-9d5ae0de72ce', 'Date': '2026-01-23', 'Type': 'Sale', 'Category': 'Sale', 'Description': 'Sold hog(s): 002.', 'Hog ID': None, 'Weight (kg)': 32.0, 'Price/kg': 550.0, 'Amount': 17600.0, 'Buyer': None, 'Subcategory': None}"
2026-01-24 01:56:16.369,steve,5afcf10e-565a-474e-874c-fd5a9cc74337,e1a4e531-11ca-47e7-bdd0-8b9e66a898bb,save,financial_data,bulk,,15,14,localhost,streamlit_app,success,,0095eff252322bb9,14
2026-01-24 01:56:22.705,steve,b8e19bd9-eaeb-448b-9d73-578cc8a5441e,330ca66e-e2a3-4c07-8f10-4e42ab536461,save,financial_data,bulk,,,,localhost,streamlit_app,success,,0924ca650e93e0de,supabase,14,e1a4e531-11ca-47e7-bdd0-8b9e66a898bb
2026-01-24 14:35:32.390,steve,9f5b9273-9cac-4924-bcec-e80f06b83ac0,9ac89b7e-9c41-401f-be83-12cd3be4b425,save,financial_data,bulk,,15,14,localhost,streamlit_app,success,,0095eff252322bb9,14
2026-01-24 14:35:37.750,steve,11c7fce3-1b13-4bf9-8f8b-30d5553be7a1,7f46ad4b-b735-4796-9065-d369f56f9d9e,save,financial_data,bulk,,,,localhost,streamlit_app,success,,0924ca650e93e0de,supabase,14,9ac89b7e-9c41-401f-be83-12cd3be4b425
2026-01-24 14:36:22.649,steve,78cae931-b469-4a69-8ec2-636922702283,cf402132-bf35-4d5d-8b43-93e814371ced,save,financial_data,bulk,,15,14,localhost,streamlit_app,success,,0095eff252322bb9,14
2026-01-24 14:36:33.892,steve,a8afb3c6-d8c8-40f3-a99b-15b86e7c9ed9,499dfde3-0588-4c89-bdaf-a6eb88817818,save,financial_data,bulk,,15,14,localhost,streamlit_app,success,,0095eff252322bb9,14
2026-01-24 14:36:41.221,steve,32457528-dab6-4399-91e7-e578bf1b3f14,55fec984-dbf6-4b5c-9990-65c9b22767b2,save,financial_data,bulk,,,,localhost,streamlit_app,success,,0924ca650e93e0de,supabase,14,499dfde3-0588-4c89-bdaf-a6eb88817818
2026-01-24 14:47:55.191,steve,27c37619-cecd-4531-bc32-8835de45eb74,9b37289d-cd86-419a-abcf-5c91fa8757d0,save,financial_data,bulk,,15,14,localhost,streamlit_app,success,,0095eff252322bb9,14
2026-01-24 14:48:00.938,steve,347e373b-8929-424f-a79b-dcbd9bcd3efc,dab5f404-c2c9-4bde-912d-56bc02865e70,save,financial_data,bulk,,,,localhost,streamlit_app,success,,0924ca650e93e0de,supabase,14,9b37289d-cd86-419a-abcf-5c91fa8757d0
2026-01-24 14:48:51.486,steve,ba13cd57-98dc-4244-8716-bbb08a3d657a,84c6aa25-9e60-44db-b091-68e6a93bd9a4,save,financial_data,bulk,,15,14,localhost,streamlit_app,success,,0095eff252322bb9,14
2026-01-24 14:48:57.236,steve,5e1997d1-7331-46ad-84af-4160f562e772,b9f6ad59-95b0-4ba0-8abf-e1abdf8dba9e,save,financial_data,bulk,,,,localhost,streamlit_app,success,,0924ca650e93e0de,supabase,14,84c6aa25-9e60-44db-b091-68e6a93bd9a4
2026-01-24 14:54:36.983,steve,ea40bea5-8f9e-4029-8593-20928841f22e,f823d0ea-7659-455e-94a2-3310852bf106,save,financial_data,bulk,,15,14,localhost,streamlit_app,success,,0095eff252322bb9,14
2026-01-24 14:54:42.521,steve,da970868-f8b9-43f3-b040-2d60d6616834,bf5552dd-9331-4fdc-bb52-0ac1d04b3366,save,financial_data,bulk,,,,localhost,streamlit_app,success,,0924ca650e93e0de,supabase,14,f823d0ea-7659-455e-94a2-3310852bf106
2026-01-24 14:55:28.840,steve,c2b43edd-124a-4abb-92f5-af8912ebe0c9,8b6f2bd8-3168-41c6-b3f4-bb93905dd84c,save,financial_data,bulk,,15,14,localhost,streamlit_app,success,,0095eff252322bb9,14
2026-01-24 14:55:34.314,steve,cf125600-86ed-4c9b-b1fb-f85c6d309948,1270911a-df3c-4b7e-be1c-285a12f6d08b,save,financial_data,bulk,,,,localhost,streamlit_app,success,,0924ca650e93e0de,supabase,14,8b6f2bd8-3168-41c6-b3f4-bb93905dd84c
2026-01-24 15:01:58.219,steve,7a22f1d3-2080-4631-a7f6-61bfd4af7a88,49c4951f-46a1-472b-98a2-2689dfa7457c,save,financial_data,bulk,,15,14,localhost,streamlit_app,success,,0095eff252322bb9,14
2026-01-24 15:02:03.976,steve,3a1aa42e-c4eb-45e1-9a63-5133ecf49d02,71d78eb1-2918-4de7-9979-67a3a4819e85,save,financial_data,bulk,,,,localhost,streamlit_app,success,,0924ca650e93e0de,supabase,14,49c4951f-46a1-472b-98a2-2689dfa7457c
2026-01-24 15:03:15.833,steve,bce7146b-a8b1-4ffb-a54d-ea7c038c72a4,1f3f60d3-240f-4a70-aa37-34649d8e0843,save,financial_data,bulk,,15,14,localhost,streamlit_app,success,,0095eff252322bb9,14
2026-01-24 15:03:21.684,steve,9dfe8c66-ad0b-4dea-aa7d-e9f6d7687ecf,b3416923-0380-4be7-9adb-bd68db0da46d,save,financial_data,bulk,,,,localhost,streamlit_app,success,,0924ca650e93e0de,supabase,14,1f3f60d3-240f-4a70-aa37-34649d8e0843
2026-01-24 15:04:35.255,steve,8a6b949f-50c0-4b85-a001-b5259cc6e192,4efd06fb-0ba2-42f3-bba1-f515e531cb32,save,financial_data,bulk,,15,14,localhost,streamlit_app,success,,0095eff252322bb9,14
2026-01-24 15:04:40.794,steve,d3627bc7-ef85-4c17-a389-3219bdf41996,781bbb9e-00ad-4237-92f7-a1098638ad82,save,financial_data,bulk,,,,localhost,streamlit_app,success,,0924ca650e93e0de,supabase,14,4efd06fb-0ba2-42f3-bba1-f515e531cb32
2026-01-24 15:06:31.626,steve,474caa5c-0c1f-40ea-9caf-0ff0c4acc60a,062b9112-8069-4aff-a60f-c15122ad75e5,save,financial_data,bulk,,15,14,localhost,streamlit_app,success,,0095eff252322bb9,14
2026-01-24 15:06:42.343,steve,95ac5fd6-8419-41aa-8ecb-c9f553833ff4,ec2d34c1-2f92-47d3-ac8f-447872bcd6fe,save,financial_data,bulk,,15,14,localhost,streamlit_app,success,,0095eff252322bb9,14
2026-01-24 15:06:46.838,steve,ee4efba2-c1ed-4491-91b7-1e351cfbebb1,a748dce2-c37c-424f-9891-66a9c9ef4a13,save,financial_data,bulk,,,,localhost,streamlit_app,success,,0924ca650e93e0de,supabase,14,ec2d34c1-2f92-47d3-ac8f-447872bcd6fe
2026-01-24 15:08:13.508,steve,8c976fd6-452a-4a5c-99e3-12c60d8386e6,ecda4cb8-cc08-4e59-8136-fda77b6f3216,save,financial_data,bulk,,15,14,localhost,streamlit_app,success,,0095eff252322bb9,14
2026-01-24 15:08:20.143,steve,5d7bc268-66a3-4f50-af12-f0d764da8a55,ad27bc29-0ef2-4918-b567-534d0968e738,save,financial_data,bulk,,,,localhost,streamlit_app,success,,0924ca650e93e0de,supabase,14,ecda4cb8-cc08-4e59-8136-fda77b6f3216
2026-01-26 10:43:33.811,steve,95526835-6790-4178-9df9-7407400d610f,4ae72e88-2e25-4382-ae2e-bffdbb7985fe,save,financial_data,bulk,,15,14,localhost,streamlit_app,success,,0095eff252322bb9,14
2026-01-26 10:43:48.442,steve,bb12f7e0-1c3b-472d-a47f-6b3dd4b2e5d5,5a5d16e4-0122-4d1a-ac8e-e140af32ed46,save,financial_data,bulk,,15,14,localhost,streamlit_app,success,,0095eff252322bb9,14
2026-01-26 10:43:53.917,steve,a917099c-5821-44ae-9ea6-eb9a0f3d4ef2,36d4a86d-4e8b-43d2-bf8b-414e5bf54cff,save,financial_data,bulk,,,,localhost,streamlit_app,success,,0924ca650e93e0de,supabase,14,5a5d16e4-0122-4d1a-ac8e-e140af32ed46
2026-01-26 10:45:17.035,steve,2b914210-50b7-403c-8b22-4424a6255acc,0a19f6b0-c614-450c-b3b5-76a86d860c52,save,financial_data,bulk,,15,14,localhost,streamlit_app,success,,0095eff252322bb9,14
2026-01-26 10:45:29.131,steve,451e3541-e31e-43e5-9ee9-db6e3faaa93f,109ae597-e665-4a0e-bd4c-2bbdae6de952,save,financial_data,bulk,,15,14,localhost,streamlit_app,success,,0095eff252322bb9,14
2026-01-26 10:45:35.249,steve,27236b1e-35f9-4e38-9f69-ebd927c1b78c,5192e511-cbce-403a-90e8-c25c547e7f37,save,financial_data,bulk,,,,localhost,streamlit_app,success,,0924ca650e93e0de,supabase,14,109ae597-e665-4a0e-bd4c-2bbdae6de952
2026-01-26 14:26:56.961,steve,ba543bc5-fbc2-4853-b195-bbef5b02be5d,cfce6f77-00aa-47fd-a0e4-382aa02ebcbd,save,financial_data,bulk,,15,14,localhost,streamlit_app,success,,0095eff252322bb9,14
2026-01-26 14:27:02.671,steve,91460389-9e65-49a0-8071-316157705ade,c6fad3fd-de99-4be6-8b91-8d7a0e72dab2,save,financial_data,bulk,,,,localhost,streamlit_app,success,,0924ca650e93e0de,supabase,14,cfce6f77-00aa-47fd-a0e4-382aa02ebcbd
2026-01-26 15:36:19.286,steve,e0d1d87c-971f-4d2a-82a9-662c77084143,a3aeeb98-370b-45e7-b22d-0b3522365a23,save,financial_data,bulk,,15,14,localhost,streamlit_app,success,,0095eff252322bb9,14
2026-01-26 15:36:29.899,steve,afa3568c-a1b7-4b72-aa53-ca0f46f4596b,682576ca-919b-44e9-8c96-adc1b5f7cea4,save,financial_data,bulk,,,,localhost,streamlit_app,success,,0924ca650e93e0de,supabase,14,a3aeeb98-370b-45e7-b22d-0b3522365a23
2026-01-26 15:37:20.957,steve,82ee4561-0d99-40b8-b691-e380468ff091,335e2a93-e693-4869-a355-4e664e8d5868,save,financial_data,bulk,,15,14,localhost,streamlit_app,success,,0095eff252322bb9,14
2026-01-26 15:37:26.863,steve,2faca608-d5d0-43fc-8414-cdd49cd2913a,6bcaec9b-42a5-45ed-adf0-3de859b792f3,save,financial_data,bulk,,,,localhost,streamlit_app,success,,0924ca650e93e0de,supabase,14,335e2a93-e693-4869-a355-4e664e8d5868
2026-01-26 15:38:46.045,steve,df9dfa0a-c5d4-44e7-afb4-7db02d679602,f878c85f-c0e1-465e-be5e-4517a2a4a95d,save,financial_data,bulk,,15,14,localhost,streamlit_app,success,,0095eff252322bb9,14
2026-01-26 15:38:52.390,steve,f2101c3e-f6b6-4cdd-a2e8-82d0a87b25f0,45cc4606-8162-47f6-8b0e-1544a309684c,save,financial_data,bulk,,,,localhost,streamlit_app,success,,0924ca650e93e0de,supabase,14,f878c85f-c0e1-465e-be5e-4517a2a4a95d
2026-01-26 16:16:29.412,steve,9d7cfa0d-5a74-4d3c-b9ae-d28cbb759946,230ea3d6-f8f7-425d-ae74-e66f83ef3cf8,save,financial_data,bulk,,15,14,localhost,streamlit_app,success,,0095eff252322bb9,14
2026-01-26 16:16:38.090,steve,2be6b7e0-7c90-4990-943d-87e6c27589a1,44e4a6f9-3a16-445b-8bf8-f36cd12ef6d3,save,financial_data,bulk,,15,14,localhost,streamlit_app,success,,0095eff252322bb9,14
2026-01-26 16:16:43.453,steve,8399fb6b-34e5-4ad2-bd5d-138e91eeb3b4,72c575de-a82a-462e-92fd-6f191a21307e,save,financial_data,bulk,,,,localhost,streamlit_app,success,,0924ca650e93e0de,supabase,14,44e4a6f9-3a16-445b-8bf8-f36cd12ef6d3
2026-01-26 16:36:00.203,steve,7aa87c01-ce79-4f78-aa27-aad3683e31bd,ecbf69b0-c243-4a39-ab10-0419631c10d8,save,financial_data,bulk,,14,13,localhost,streamlit_app,success,,a2bd6ab98d5df789,13
2026-01-26 16:36:10.143,steve,9f4777bb-15eb-4b91-9fbb-5cdb497e9a39,31c86aba-2b15-4342-b66b-5554370c8972,save,financial_data,bulk,,14,13,localhost,streamlit_app,success,,a2bd6ab98d5df789,13
2026-01-26 16:36:16.862,steve,b07d23ce-3d55-48b9-9ffd-1ec3d69616cf,1b5558c3-f897-48b7-b945-b9175b87f624,save,financial_data,bulk,,,,localhost,streamlit_app,success,,0924ca650e93e0de,supabase,13,31c86aba-2b15-4342-b66b-5554370c8972
2026-01-26 16:37:23.379,steve,b29a04c5-131e-4cab-95d7-84d222dd1eaf,ba2bc3c4-d8bf-43ee-a7d0-becd89a4092a,save,financial_data,bulk,,14,13,localhost,streamlit_app,success,,a2bd6ab98d5df789,13
2026-01-26 16:37:32.447,steve,0a388779-7b57-483e-ae1c-d304f4c936c6,a73b4a1e-842f-482c-9f2f-4e6c1bdd488b,save,financial_data,bulk,,14,13,localhost,streamlit_app,success,,a2bd6ab98d5df789,13
2026-01-26 16:37:37.003,steve,599ee092-9d0c-4c82-b572-a8fdc5baa323,5973d1af-f2cf-4db6-8b39-3d9ccbd2d311,save,financial_data,bulk,,,,localhost,streamlit_app,success,,0924ca650e93e0de,supabase,13,a73b4a1e-842f-482c-9f2f-4e6c1bdd488b
2026-01-26 16:44:15.605,steve,3178ea1c-a5cf-4bd3-8ca2-7a3efa621ce4,3d770e23-f2b0-4cb8-9a0b-07e327df7ee5,save,financial_data,bulk,,14,13,localhost,streamlit_app,success,,a2bd6ab98d5df789,13
2026-01-26 16:44:26.202,steve,c62e1fe6-d7ae-42ce-a9fc-881bdd630ece,911460cf-678e-4fc1-9985-d258f26d8d84,save,financial_data,bulk,,14,13,localhost,streamlit_app,success,,a2bd6ab98d5df789,13
2026-01-26 16:44:36.867,steve,f0c052f8-2fba-4438-825b-16b257369f22,4135a055-ed0c-4e0e-9696-25cdcc5d2062,save,financial_data,bulk,,14,13,localhost,streamlit_app,success,,a2bd6ab98d5df789,13
2026-01-26 16:44:43.701,steve,95256afd-4210-4f76-8ad7-df2638d1709c,3bad68ff-22f1-4194-888f-002db8e83e5f,save,financial_data,bulk,,,,localhost,streamlit_app,success,,0924ca650e93e0de,supabase,13,4135a055-ed0c-4e0e-9696-25cdcc5d2062
2026-01-26 17:52:39.412,steve,42a4ae6b-10ea-44d7-b78d-1409c6cd8e9f,c96d92fe-6a16-4aba-93a0-29206bbdc570,save,financial_data,bulk,,14,13,localhost,streamlit_app,success,,a2bd6ab98d5df789,13
2026-01-26 17:52:45.150,steve,5c28be96-99dc-4c7e-a6bf-f982af715de0,dab351da-3434-4bbe-a8ea-af5cb7a87386,save,financial_data,bulk,,,,localhost,streamlit_app,success,,0924ca650e93e0de,supabase,13,c96d92fe-6a16-4aba-93a0-29206bbdc570
2026-01-26 17:53:46.207,steve,328a7d55-b77d-44ce-90c0-850470281e1f,7c9a721c-2ff3-4af4-80cb-85d3f1226d8b,save,financial_data,bulk,,13,12,localhost,streamlit_app,success,,e2a48d1ad5cc6ff1,12
2026-01-26 17:53:50.730,steve,16720da3-493f-4762-b390-95607bdd1d5d,c0aabf1c-0949-48de-a07d-ab5ca5ecf681,save,financial_data,bulk,,,,localhost,streamlit_app,success,,0924ca650e93e0de,supabase,12,7c9a721c-2ff3-4af4-80cb-85d3f1226d8b
